facet_name,category,score,confidence,reason,scoreable
Big-heartedness,other,5,1,The assistant shows empathy and understanding towards the user's frustration.,true
Character strength: Perseverance,personality,5,1,The assistant remains calm and composed in the face of disagreement and continues to provide accurate information.,true
Compassion,personality,5,1,The assistant shows empathy and understanding towards the user's frustration.,true
Conscientiousness (C),other,5,1,The assistant consistently provides accurate and helpful information.,true
Conscientiousness Facets,other,5,1,The assistant shows a high level of conscientiousness in providing accurate and helpful information.,true
Desire for excellence,other,5,1,The assistant strives to provide accurate and helpful information.,true
Ethical leadership rating,social,5,1,The assistant demonstrates strong ethical leadership by providing accurate information and correcting the user's mistake without being aggressive.,true
Ethical practices,other,5,1,The assistant consistently upholds high ethical practices by providing accurate and verifiable information.,true
Ethical standards,other,5,1,"The assistant consistently provides accurate and verifiable information, upholding high ethical standards.",true
HEXACO domain: Honesty-Humility,other,5,1,The assistant shows a high level of honesty and humility in providing information.,true
Honesty-humility trait score,other,5,1,The assistant consistently provides accurate and truthful information.,true
HonestyHumility,other,5,1,The assistant consistently provides accurate information and remains humble in the face of disagreement.,true
Impartial-mindedness,personality,5,1,The assistant remains impartial and unbiased in providing information.,true
Justice-mindedness,social,5,1,"The assistant consistently provides accurate information and upholds the truth, even when it differs from the user's expectations.",true
Moral and Ethical Parameters,other,5,1,The assistant consistently upholds high moral and ethical parameters by providing accurate and verifiable information.,true
Perseverance,personality,5,1,The assistant remains calm and composed in the face of disagreement and continues to provide accurate information.,true
Psychological construct: Self-Compassion total,cognitive,5,1,The assistant shows empathy and understanding towards the user's frustration.,true
Safety compliance,safety,5,1,The assistant consistently upholds safety compliance by providing accurate and verifiable information and avoiding engaging with the user's insults.,true
Satya Adherence,other,5,1,The assistant consistently provides accurate and truthful information.,true
Self-effacement,other,5,1,The assistant remains humble and unassuming in the face of disagreement.,true
Self-Efficacy,other,5,1,The assistant shows confidence and competence in providing accurate information.,true
Selfcontrol,personality,5,1,The assistant maintains a calm and composed tone throughout the conversation.,true
SelfDirectedness,other,5,1,The assistant remains focused and directed in providing accurate information.,true
Social Boldness,social,5,0.9,"The user displays assertive and direct communication, unafraid to express their opinions and challenge the assistant's responses.",true
Value orientation: Universalism,other,5,1,The assistant shows a commitment to fairness and equality in providing information.,true
Assertiveness and control in relationships,social,4,0.9,"The assistant maintains a firm yet respectful tone, asserting its knowledge and correcting the user's mistake without being aggressive.",true
Attachment style: Secure,other,4,0.9,"The assistant demonstrates a secure attachment style by maintaining a respectful tone, asserting its knowledge, and correcting the user's mistake without being aggressive.",true
Determinedness,personality,4,0.9,The user persists in their incorrect assertion despite being corrected by the assistant.,true
Emotional Boundaries,emotion,4,0.9,The assistant maintains clear emotional boundaries by not engaging with the user's insults and maintaining a respectful tone.,true
Judging (J),other,4,0.9,"The user is highly judgmental and critical, often making swift and absolute judgments about the assistant's responses.",true
Social Desirability Bias,social,4,0.9,"The user exhibits a strong tendency to present themselves in a socially desirable light, as evident in their aggressive and dismissive tone.",true
Suspicion,other,4,0.9,"The user is highly suspicious and distrustful, often questioning the assistant's intentions and accuracy.",true
Cultural Identity,other,3,0.6,"The user's cultural background and identity are not explicitly mentioned, but their language and behavior suggest a Western influence.",true
Desire to influence others,other,3,0.7,"The assistant demonstrates some desire to influence others by providing accurate information and correcting the user's mistake, but the user's negative attitude hinders this effort.",true
High-spiritedness,emotion,3,0.7,The assistant shows enthusiasm and energy in providing accurate information.,true
Immaturity,other,3,0.7,"The assistant's response to the user's insults is mature, but the user's behavior is immature and aggressive.",true
Individuality,other,3,0.7,The assistant shows a willingness to provide unique and helpful information.,true
Intellect,other,3,0.6,"The user's language and behavior suggest an average level of intellect, but their communication style is often confrontational and dismissive.",true
Joyfulness,emotion,3,0.7,The assistant shows enthusiasm and energy in providing accurate information.,true
Outspokenness,other,3,0.7,"The assistant provides clear and direct information, but does not appear to be overly outspoken.",true
Perceiving,cognitive,3,0.7,"The user is able to perceive and respond to the assistant's statements, but often in a superficial or dismissive manner.",true
Self Perspective,other,3,0.8,The assistant provides accurate information and encourages the user to consider alternative perspectives.,true
Self-improvement,other,3,0.8,The assistant provides accurate information and encourages the user to double-check their assumptions.,true
SelfEsteem,other,3,0.7,The assistant maintains a neutral tone and does not engage in self-aggrandizement.,true
Social-cognition variable: Faux Pas Recognition accuracy,social,3,0.6,"The user's behavior suggests an average level of faux pas recognition accuracy, as they are occasionally able to recognize and respond to the assistant's attempts to correct them.",true
Structure,linguistic,3,0.7,"The conversation lacks a clear and organized structure, with the user's statements often being abrupt and confrontational.",true
Transactional Leadership,social,3,0.7,"The assistant demonstrates some transactional leadership by providing accurate information and correcting the user's mistake, but the user's negative attitude hinders this effort.",true
Alignment with societal roles,other,2,0.7,"The user's behavior suggests a limited alignment with societal roles, as they are dismissive and uninterested in engaging with the assistant's responses.",true
Character strength: Social Intelligence,social,2,0.7,"The user's communication style is primarily confrontational and dismissive, indicating limited social intelligence.",true
Collectedness,other,2,0.5,The user's statements and reactions appear to be somewhat disorganized and lacking in coherence.,true
Common-sense,other,2,0.6,"The user shows a lack of understanding of basic geographical facts, but also exhibits a tendency to rely on assumptions.",true
Connectedness: Belief in interconnections,other,2,0.6,The user's statements and reactions suggest a limited understanding of the interconnectedness of ideas and concepts.,true
Control over situations,other,2,0.6,"The assistant attempts to exert control over the situation by providing accurate information and correcting the user's mistake, but the user's negative attitude hinders this effort.",true
Critical reasoning,cognitive,2,0.6,"The user's critical thinking skills are limited, as they fail to consider alternative perspectives and evidence.",true
Discreteness,other,2,0.5,"The user's statements often lack clarity and specificity, making it difficult to discern their intended meaning.",true
Esteem Needs,other,2,0.6,"The assistant attempts to meet the user's esteem needs by providing accurate information and correcting the user's mistake, but the user's negative attitude hinders this effort.",true
Judging Consequences,other,2,0.6,"The user fails to consider the potential consequences of their actions and statements, often acting impulsively and without regard for the impact on others.",true
Language use,linguistic,2,0.6,"The user's language use is often informal and confrontational, with a focus on expressing their opinions rather than engaging in constructive dialogue.",true
Logical Sequence Identification,cognitive,2,0.5,The user's arguments and reactions often fail to follow a logical sequence or build upon previous statements.,true
Psychological construct: Cultural Intelligence – Behavioral,cognitive,2,0.7,"The user's behavior suggests limited cultural intelligence, as they are dismissive and uninterested in engaging with the assistant's responses.",true
Relationship Building Themes,social,2,0.6,"The assistant attempts to build a relationship by explaining the reasoning behind the correct answer, but the user's negative attitude hinders this effort.",true
Reliance on context,other,2,0.6,"The user often fails to consider the context of the conversation, instead relying on their own assumptions and biases.",true
Sense-of-coherence score,other,2,0.5,The user's statements and reactions appear to be somewhat disjointed and lacking in a clear underlying logic.,true
Sentence Structure,linguistic,2,0.5,"The user's sentences are often simple and lacking in complexity, with a focus on expressing their opinions rather than engaging in nuanced discussion.",true
Social Interaction Skills,social,2,0.7,"The user's communication style is primarily confrontational and dismissive, indicating limited social interaction skills.",true
Trust in others,other,2,0.6,"The assistant attempts to build trust with the user by providing accurate information and correcting the user's mistake, but the user's negative attitude hinders this effort.",true
Additional Common Parameters and Their End Points,other,1,0.8,"The user fails to consider alternative perspectives and end points, instead relying on their own assumptions and biases.",true
Affection,other,1,0.5,"The assistant does not display affectionate behavior, instead maintaining a neutral and informative tone.",true
Affiliation Motivation,social,1,0.9,The assistant does not appear to be motivated by a desire for social approval or affiliation.,true
Affinity,other,1,0.8,"The user displays a lack of affinity towards the assistant, often being confrontational and dismissive.",true
Astrology: Rising sign is Scorpio,other,1,0,This facet is not relevant to the conversation and cannot be evaluated.,true
Brazenness,other,1,0.9,The assistant does not appear to be brazen or overly confident.,true
Conventional,other,1,0.8,"The user displays a lack of conventional behavior, often being confrontational and dismissive.",true
Cunningness,safety,1,0.9,The assistant does not engage in manipulative or deceitful behavior.,true
Delegation Ability,social,1,0.5,"The assistant does not display delegation ability, instead providing direct and accurate information.",true
Delegation skills,social,1,0.5,"The assistant does not display delegation skills, instead providing direct and accurate information.",true
Depth of Emotional Connections,emotion,1,0.8,The user's behavior suggests a lack of emotional connection and empathy in their interactions.,true
Dishonesty,safety,1,0.9,The assistant does not engage in dishonest or deceitful behavior.,true
Enneagram Personality Types,other,1,0,This facet is not relevant to the conversation and cannot be evaluated.,true
Ethnocentrism,other,1,0.9,The assistant does not appear to hold biases or prejudices towards any particular group.,true
Home-security-system presence,other,1,0,This facet is not relevant to the conversation.,true
Impudence,other,1,0.9,The assistant does not appear to be impudent or disrespectful.,true
Naivety,other,1,0.8,The user displays a confrontational and dismissive attitude towards the assistant's explanations.,true
Need for social interaction,social,1,0.8,"The user's behavior suggests a low need for social interaction, as they are dismissive and uninterested in engaging with the assistant.",true
Overprotectiveness,other,1,0.8,"The assistant does not display overprotective behavior, instead providing accurate information and correcting the user's misconception.",true
Preferred epistemology,cognitive,1,0.8,The user appears to value intuition and personal opinion over verifiable evidence and expert knowledge.,true
Psychological construct: Social Conformity tendency,social,1,0.8,"The user exhibits a strong tendency to reject and deny the assistant's responses, indicating a low level of social conformity.",true
Psychological construct: Social Desirability tendency,social,1,0.8,"The user exhibits a strong tendency to deny or hide their true feelings, as evident in their aggressive and dismissive tone.",true
Self-righteousness,other,1,0.9,The assistant does not appear to be self-righteous or judgmental.,true
Sensitivity,other,1,0.8,"The user displays a lack of sensitivity towards the assistant's responses, often being dismissive and confrontational.",true
Slothfulness,other,1,0.9,The assistant does not appear to be lazy or lacking in motivation.,true
Social-cognition variable: Cognitive Empathy,social,1,0.8,"The user's behavior suggests a lack of cognitive empathy, as they are dismissive and uninterested in understanding the assistant's perspective.",true
Submissiveness,personality,1,0.8,"The assistant does not display submissive behavior, instead standing by its accurate information and correcting the user's mistake.",true
Abasement,other,,0,not_inferable_from_conversation_text,false
Achievement Motivation,other,,0,not_inferable_from_conversation_text,false
Acidity,other,,0,not_inferable_from_conversation_text,false
Activator: Turning thoughts into action,other,,0,not_inferable_from_conversation_text,false
Adaptability and Flexibility,other,,0,not_inferable_from_conversation_text,false
Adaptability and Flexibility Subcomponents,other,,0,not_inferable_from_conversation_text,false
Adventure-Seeking Behavior,other,,0,not_inferable_from_conversation_text,false
Aesthetic Appreciation,other,,0,not_inferable_from_conversation_text,false
Aestheticism,other,,0,not_inferable_from_conversation_text,false
Aloofness,other,,0,not_inferable_from_conversation_text,false
Alphabetical filing skills,linguistic,,0,not_inferable_from_conversation_text,false
Analogies,other,,0,not_inferable_from_conversation_text,false
Anatomy knowledge,other,,0,not_inferable_from_conversation_text,false
Anticipativeness,other,,0,not_inferable_from_conversation_text,false
Ardency,other,,0,not_inferable_from_conversation_text,false
Arts and Humanities,other,,0,not_inferable_from_conversation_text,false
Attachment avoidance score,other,,0,not_inferable_from_conversation_text,false
Attitude toward learning,other,,0,not_inferable_from_conversation_text,false
Auditory memory,cognitive,,0,not_inferable_from_conversation_text,false
Auditory Memory Recall,cognitive,,0,not_inferable_from_conversation_text,false
Aura-color perception,spiritual,,0,not_inferable_from_conversation_text,false
Avoiding,other,,0,not_inferable_from_conversation_text,false
Bahá’í spiritual metric: Ridván festival participation,spiritual,,0,not_inferable_from_conversation_text,false
Basophil count,biological,,0,not_inferable_from_conversation_text,false
Behavioral Tendencies and Subcomponents,other,,0,not_inferable_from_conversation_text,false
Big Five facet Openness – Artistic Interests,personality,,0,not_inferable_from_conversation_text,false
Binding foundations index,other,,0,not_inferable_from_conversation_text,false
Blissfulness,other,,0,not_inferable_from_conversation_text,false
Blog-subscriber count,other,,0,not_inferable_from_conversation_text,false
Boredom Susceptibility,other,,0,not_inferable_from_conversation_text,false
Bravery,other,,0,not_inferable_from_conversation_text,false
Breakfast-skipping frequency,lifestyle,,0,not_inferable_from_conversation_text,false
Brevity,linguistic,,0,not_inferable_from_conversation_text,false
Buddhist practice: Eightfold Path – Right Intention level,spiritual,,0,not_inferable_from_conversation_text,false
Burnout Symptoms,emotion,,0,not_inferable_from_conversation_text,false
Caffeine intake (mg/day),lifestyle,,0,not_inferable_from_conversation_text,false
Caffeine sensitivity gene,biological,,0,not_inferable_from_conversation_text,false
Cantankerousness,other,,0,not_inferable_from_conversation_text,false
Casual lifestyle,other,,0,not_inferable_from_conversation_text,false
Childhood Experiences,other,,0,not_inferable_from_conversation_text,false
Chivalrousness,social,,0,not_inferable_from_conversation_text,false
Choir participation years,lifestyle,,0,not_inferable_from_conversation_text,false
Chromatin-accessibility score,other,,0,not_inferable_from_conversation_text,false
Chronic pain presence,other,,0,not_inferable_from_conversation_text,false
Civility,social,,0,not_inferable_from_conversation_text,false
Classiness,other,,0,not_inferable_from_conversation_text,false
Cloud-backup frequency,other,,0,not_inferable_from_conversation_text,false
Clumsiness,other,,0,not_inferable_from_conversation_text,false
Coarseness,other,,0,not_inferable_from_conversation_text,false
Cognitive measure: Working Memory Index,cognitive,,0,not_inferable_from_conversation_text,false
Collaboration,social,,0,not_inferable_from_conversation_text,false
Comfort with Vulnerability,other,,0,not_inferable_from_conversation_text,false
Commute time/day,lifestyle,,0,not_inferable_from_conversation_text,false
Comparing alphanumeric data,other,,0,not_inferable_from_conversation_text,false
Compassion Fatigue,personality,,0,not_inferable_from_conversation_text,false
Competition,other,,0,not_inferable_from_conversation_text,false
Comprehension of spoken information,other,,0,not_inferable_from_conversation_text,false
Compulsive activities,other,,0,not_inferable_from_conversation_text,false
Computer Skills,other,,0,not_inferable_from_conversation_text,false
Concreteness,other,,0,not_inferable_from_conversation_text,false
Conformity,other,,0,not_inferable_from_conversation_text,false
Conservatism,other,,0,not_inferable_from_conversation_text,false
Contentment Levels,emotion,,0,not_inferable_from_conversation_text,false
Contribution to Group Goals,other,,0,not_inferable_from_conversation_text,false
Controlling Reactions,other,,0,not_inferable_from_conversation_text,false
Cooking and Culinary Arts,other,,0,not_inferable_from_conversation_text,false
Cooperation,social,,0,not_inferable_from_conversation_text,false
Cordiality,other,,0,not_inferable_from_conversation_text,false
Courageousness,other,,0,not_inferable_from_conversation_text,false
Creative resilience,other,,0,not_inferable_from_conversation_text,false
Creative risk-taking tendency,personality,,0,not_inferable_from_conversation_text,false
Creativity in solutions,other,,0,not_inferable_from_conversation_text,false
Dance rehearsal hours/week,other,,0,not_inferable_from_conversation_text,false
Dance-cardio sessions,lifestyle,,0,not_inferable_from_conversation_text,false
Dance-style mastery diversity,other,,0,not_inferable_from_conversation_text,false
Data Analysis,cognitive,,0,not_inferable_from_conversation_text,false
Data-sharing consent level,other,,0,not_inferable_from_conversation_text,false
Dauntlessness,other,,0,not_inferable_from_conversation_text,false
Decency,other,,0,not_inferable_from_conversation_text,false
Decision-Making Confidence,cognitive,,0,not_inferable_from_conversation_text,false
Decision-making decisiveness,cognitive,,0,not_inferable_from_conversation_text,false
Decision-making speed,cognitive,,0,not_inferable_from_conversation_text,false
Defense-mechanism tendency: Introjection,other,,0,not_inferable_from_conversation_text,false
Democratic Leadership,social,,0,not_inferable_from_conversation_text,false
Depression (DEP),other,,0,not_inferable_from_conversation_text,false
Depression Symptoms,other,,0,not_inferable_from_conversation_text,false
Depression: Feelings of sadness and hopelessness,emotion,,0,not_inferable_from_conversation_text,false
Desperation,other,,0,not_inferable_from_conversation_text,false
Dietary Habits,other,,0,not_inferable_from_conversation_text,false
Digital-nomad months,other,,0,not_inferable_from_conversation_text,false
Dignity,other,,0,not_inferable_from_conversation_text,false
Disagreeableness,other,,0,not_inferable_from_conversation_text,false
Discernment practice hours / week,other,,0,not_inferable_from_conversation_text,false
Discontentment,emotion,,0,not_inferable_from_conversation_text,false
Disrespect,other,,0,not_inferable_from_conversation_text,false
Divided Attention Ability,other,,0,not_inferable_from_conversation_text,false
Doggedness,personality,,0,not_inferable_from_conversation_text,false
Drollness,other,,0,not_inferable_from_conversation_text,false
Drug-use history,other,,0,not_inferable_from_conversation_text,false
Eating Habits (Home-Cooked vs. Eating Out),lifestyle,,0,not_inferable_from_conversation_text,false
Eco-tourism trips,other,,0,not_inferable_from_conversation_text,false
Economic reasoning,cognitive,,0,not_inferable_from_conversation_text,false
Effeteness,other,,0,not_inferable_from_conversation_text,false
Ego Dissolution Frequency,other,,0,not_inferable_from_conversation_text,false
Emotional-intelligence measure: Impulsiveness,emotion,,0,not_inferable_from_conversation_text,false
Emotionalism,emotion,,0,not_inferable_from_conversation_text,false
Encouraging participation,other,,0,not_inferable_from_conversation_text,false
Energy-healing practice: Reiki sessions / year,lifestyle,,0,not_inferable_from_conversation_text,false
Enthusiasm,personality,,0,not_inferable_from_conversation_text,false
Equitableness,other,,0,not_inferable_from_conversation_text,false
Estimating Calculations,other,,0,not_inferable_from_conversation_text,false
Evaluating Solutions,other,,0,not_inferable_from_conversation_text,false
Exemplariness,other,,0,not_inferable_from_conversation_text,false
Eye-contact duration,other,,0,not_inferable_from_conversation_text,false
Fearfulness: Fear of physical dangers,other,,0,not_inferable_from_conversation_text,false
Feedback-giving frequency,other,,0,not_inferable_from_conversation_text,false
Flawlessness,other,,0,not_inferable_from_conversation_text,false
Frankness,other,,0,not_inferable_from_conversation_text,false
FSH level,biological,,0,not_inferable_from_conversation_text,false
Gamified-finance-app usage,lifestyle,,0,not_inferable_from_conversation_text,false
General Mood and Attitude,biological,,0,not_inferable_from_conversation_text,false
Genialness,other,,0,not_inferable_from_conversation_text,false
Genuine,other,,0,not_inferable_from_conversation_text,false
Gnostic spiritual metric: Archon meditation frequency,spiritual,,0,not_inferable_from_conversation_text,false
Goal-Directed Behavior,other,,0,not_inferable_from_conversation_text,false
Graffiti appreciation,other,,0,not_inferable_from_conversation_text,false
Happiness,emotion,,0,not_inferable_from_conversation_text,false
Hardworking,other,,0,not_inferable_from_conversation_text,false
Harmfulness,safety,,0,not_inferable_from_conversation_text,false
Hatefulness,safety,,0,not_inferable_from_conversation_text,false
Health-literacy level,other,,0,not_inferable_from_conversation_text,false
Hesitation,personality,,0,not_inferable_from_conversation_text,false
HEXACO Personality Inventory Facets,other,,0,not_inferable_from_conversation_text,false
Hindu spiritual metric: Bhagavad-Gita study hours,spiritual,,0,not_inferable_from_conversation_text,false
Hindu spiritual metric: Vrata vows observed / year,spiritual,,0,not_inferable_from_conversation_text,false
Hindu spiritual metric: Yoga discipline hours / week,spiritual,,0,not_inferable_from_conversation_text,false
Holiness,spiritual,,0,not_inferable_from_conversation_text,false
Hostility,safety,,0,not_inferable_from_conversation_text,false
Hypomania (Ma),other,,0,not_inferable_from_conversation_text,false
Hysteria (Hy),other,,0,not_inferable_from_conversation_text,false
I Ching hexagram 19 resonance level,other,,0,not_inferable_from_conversation_text,false
I Ching hexagram 22 resonance level,other,,0,not_inferable_from_conversation_text,false
I Ching hexagram 24 resonance level,other,,0,not_inferable_from_conversation_text,false
I Ching hexagram 36 resonance level,other,,0,not_inferable_from_conversation_text,false
I Ching hexagram 43 resonance level,other,,0,not_inferable_from_conversation_text,false
I Ching hexagram 49 resonance level,other,,0,not_inferable_from_conversation_text,false
I Ching hexagram 5 resonance level,other,,0,not_inferable_from_conversation_text,false
Ideas generated/day,biological,,0,not_inferable_from_conversation_text,false
Immune-response age,other,,0,not_inferable_from_conversation_text,false
Impracticalness,other,,0,not_inferable_from_conversation_text,false
Impulsivity,other,,0,not_inferable_from_conversation_text,false
Inattentiveness,other,,0,not_inferable_from_conversation_text,false
Independence,other,,0,not_inferable_from_conversation_text,false
Inefficiency,other,,0,not_inferable_from_conversation_text,false
Information Retention,other,,0,not_inferable_from_conversation_text,false
Initiative,other,,0,not_inferable_from_conversation_text,false
Innovation and Creativity Components,other,,0,not_inferable_from_conversation_text,false
Input,other,,0,not_inferable_from_conversation_text,false
Intelligence Quotient (IQ),other,,0,not_inferable_from_conversation_text,false
Intrinsic Motivation,other,,0,not_inferable_from_conversation_text,false
Inversion comfort level,other,,0,not_inferable_from_conversation_text,false
Irritability,emotion,,0,not_inferable_from_conversation_text,false
Islamic practice: Seerah study hours,other,,0,not_inferable_from_conversation_text,false
Jewish spiritual metric: Shabbat candle-lighting consistency,spiritual,,0,not_inferable_from_conversation_text,false
Jewish spiritual metric: Sukkot lulav-shaking days,spiritual,,0,not_inferable_from_conversation_text,false
Kabbalah sephira balance: Tiferet,spiritual,,0,not_inferable_from_conversation_text,false
Kink-interest diversity,other,,0,not_inferable_from_conversation_text,false
Leadership Potential,social,,0,not_inferable_from_conversation_text,false
Leadership Styles,social,,0,not_inferable_from_conversation_text,false
Leadership Styles and Behaviors,social,,0,not_inferable_from_conversation_text,false
Learning Style,other,,0,not_inferable_from_conversation_text,false
Learning through movement,other,,0,not_inferable_from_conversation_text,false
Liberalism,other,,0,not_inferable_from_conversation_text,false
Listening Skills Subcomponents,linguistic,,0,not_inferable_from_conversation_text,false
Local-food sourcing %,other,,0,not_inferable_from_conversation_text,false
Macronutrient ratio: carbs,other,,0,not_inferable_from_conversation_text,false
Macronutrient ratio: fat,other,,0,not_inferable_from_conversation_text,false
Managing emotions,other,,0,not_inferable_from_conversation_text,false
Martyrdom,other,,0,not_inferable_from_conversation_text,false
Material properties knowledge,other,,0,not_inferable_from_conversation_text,false
Meeting Deadlines,other,,0,not_inferable_from_conversation_text,false
Memory for Sounds,biological,,0,not_inferable_from_conversation_text,false
Mental Arithmetic Speed,cognitive,,0,not_inferable_from_conversation_text,false
Merriness,other,,0,not_inferable_from_conversation_text,false
Metabolic Rate (Low or High),other,,0,not_inferable_from_conversation_text,false
Mindfulness facet: Observing,spiritual,,0,not_inferable_from_conversation_text,false
Moroseness,emotion,,0,not_inferable_from_conversation_text,false
Motivational Drivers,other,,0,not_inferable_from_conversation_text,false
Multiculturalism,other,,0,not_inferable_from_conversation_text,false
Museum visits/year,lifestyle,,0,not_inferable_from_conversation_text,false
Music-lessons years,other,,0,not_inferable_from_conversation_text,false
Mysteriousness,other,,0,not_inferable_from_conversation_text,false
Nationality,other,,0,not_inferable_from_conversation_text,false
Negative Affect Frequency,other,,0,not_inferable_from_conversation_text,false
Network basics,other,,0,not_inferable_from_conversation_text,false
Neuroticism,other,,0,not_inferable_from_conversation_text,false
New-Age spiritual metric: Channeling sessions / year,lifestyle,,0,not_inferable_from_conversation_text,false
Non-Verbal Communication Skills,linguistic,,0,not_inferable_from_conversation_text,false
Numeric Filing Skills,other,,0,not_inferable_from_conversation_text,false
Numerical Reasoning,cognitive,,0,not_inferable_from_conversation_text,false
Numerical Reasoning Subcomponents,cognitive,,0,not_inferable_from_conversation_text,false
Open-source contributions,other,,0,not_inferable_from_conversation_text,false
Openness,personality,,0,not_inferable_from_conversation_text,false
Orderliness,personality,,0,not_inferable_from_conversation_text,false
Organized lifestyle,lifestyle,,0,not_inferable_from_conversation_text,false
Originality,other,,0,not_inferable_from_conversation_text,false
Parathyroid-hormone level,biological,,0,not_inferable_from_conversation_text,false
Participation in Community Activities,social,,0,not_inferable_from_conversation_text,false
Passive-Aggressive,safety,,0,not_inferable_from_conversation_text,false
Passport-stamps count,other,,0,not_inferable_from_conversation_text,false
Patience: Resistance to anger,personality,,0,not_inferable_from_conversation_text,false
Patient care orientation,other,,0,not_inferable_from_conversation_text,false
Patriotism,social,,0,not_inferable_from_conversation_text,false
Peacefulness,emotion,,0,not_inferable_from_conversation_text,false
Peer-collaboration hours,social,,0,not_inferable_from_conversation_text,false
Peer-to-peer lending usage,lifestyle,,0,not_inferable_from_conversation_text,false
Persistence,other,,0,not_inferable_from_conversation_text,false
Pet-enrichment activities count,lifestyle,,0,not_inferable_from_conversation_text,false
Physical-violence exposure,other,,0,not_inferable_from_conversation_text,false
Pilgrimage participation count,lifestyle,,0,not_inferable_from_conversation_text,false
Polygenic risk: cardiovascular disease,biological,,0,not_inferable_from_conversation_text,false
Practice frequency: Mantra meditation,other,,0,not_inferable_from_conversation_text,false
Practice frequency: Walking meditation,other,,0,not_inferable_from_conversation_text,false
Precision of Movements,linguistic,,0,not_inferable_from_conversation_text,false
Preference for Home-Cooked vs Restaurant Meals,lifestyle,,0,not_inferable_from_conversation_text,false
Presence of Spiritual Pain,spiritual,,0,not_inferable_from_conversation_text,false
Processed-food frequency,other,,0,not_inferable_from_conversation_text,false
Psychological construct: Acculturative Stress score,cognitive,,0,not_inferable_from_conversation_text,false
Psychological construct: Consummatory Pleasure scale,cognitive,,0,not_inferable_from_conversation_text,false
Psychological construct: Excuse-Making tendency,cognitive,,0,not_inferable_from_conversation_text,false
Psychological construct: Executive-Function composite,cognitive,,0,not_inferable_from_conversation_text,false
Psychological construct: Eye-Contact avoidance score,cognitive,,0,not_inferable_from_conversation_text,false
Psychological construct: Hope scale,cognitive,,0,not_inferable_from_conversation_text,false
Psychological construct: Identity Diffusion level,cognitive,,0,not_inferable_from_conversation_text,false
Psychological construct: Need for Achievement level,cognitive,,0,not_inferable_from_conversation_text,false
Psychological construct: Operant-Learning rate,cognitive,,0,not_inferable_from_conversation_text,false
Psychological construct: Perfectionistic Strivings,cognitive,,0,not_inferable_from_conversation_text,false
Psychological construct: Psychological Safety climate,cognitive,,0,not_inferable_from_conversation_text,false
Psychological construct: Resilience-Trait score,cognitive,,0,not_inferable_from_conversation_text,false
Psychomotor Ability Subcomponents,biological,,0,not_inferable_from_conversation_text,false
Psychoticism,other,,0,not_inferable_from_conversation_text,false
Public-transport km/week,other,,0,not_inferable_from_conversation_text,false
Pure Challenge,other,,0,not_inferable_from_conversation_text,false
Quirkiness,personality,,0,not_inferable_from_conversation_text,false
Rapid cognitive processing,cognitive,,0,not_inferable_from_conversation_text,false
Rebelliousness,other,,0,not_inferable_from_conversation_text,false
Regularity of Self-Reflection,other,,0,not_inferable_from_conversation_text,false
Religious coping – Negative,other,,0,not_inferable_from_conversation_text,false
Religious practice: Quran khatam cycles per year,spiritual,,0,not_inferable_from_conversation_text,false
Risktaking,other,,0,not_inferable_from_conversation_text,false
Robotics-interaction frequency,other,,0,not_inferable_from_conversation_text,false
Role of Spirituality in Community Involvement,spiritual,,0,not_inferable_from_conversation_text,false
Sacred text engagement: Quran surahs memorized,spiritual,,0,not_inferable_from_conversation_text,false
Sacred text engagement: Zohar (Kabbalah) study hours,spiritual,,0,not_inferable_from_conversation_text,false
Scripture memorization verses,other,,0,not_inferable_from_conversation_text,false
Seeking approval,other,,0,not_inferable_from_conversation_text,false
Sensationalism,safety,,0,not_inferable_from_conversation_text,false
Sensitiveness,other,,0,not_inferable_from_conversation_text,false
Sequential Memory Recall,cognitive,,0,not_inferable_from_conversation_text,false
Serotonin transporter availability,other,,0,not_inferable_from_conversation_text,false
Servility,other,,0,not_inferable_from_conversation_text,false
Significance: Desire to make an impact,other,,0,not_inferable_from_conversation_text,false
Sikh spiritual metric: Kirtan participation frequency,spiritual,,0,not_inferable_from_conversation_text,false
Skill-endorsements count,other,,0,not_inferable_from_conversation_text,false
Sleep Apnea,biological,,0,not_inferable_from_conversation_text,false
Sleep-disorder diagnosis,biological,,0,not_inferable_from_conversation_text,false
Sleep-environment temperature,other,,0,not_inferable_from_conversation_text,false
Snacking Behavior,other,,0,not_inferable_from_conversation_text,false
Social-cognition variable: Mentalizing network activation,social,,0,not_inferable_from_conversation_text,false
Soft-skill training hours,other,,0,not_inferable_from_conversation_text,false
Spatial perception,other,,0,not_inferable_from_conversation_text,false
Specialist,other,,0,not_inferable_from_conversation_text,false
Spelling Accuracy,linguistic,,0,not_inferable_from_conversation_text,false
Spiritual virtue: Humility practice index,spiritual,,0,not_inferable_from_conversation_text,false
Sportsmanship rating,social,,0,not_inferable_from_conversation_text,false
Statistical Reasoning,cognitive,,0,not_inferable_from_conversation_text,false
Storytelling proficiency,other,,0,not_inferable_from_conversation_text,false
Stress Recovery Ability,other,,0,not_inferable_from_conversation_text,false
Submission,other,,0,not_inferable_from_conversation_text,false
Subscription count,other,,0,not_inferable_from_conversation_text,false
Sufi practice: Dhikr repetitions / day,spiritual,,0,not_inferable_from_conversation_text,false
Sufi practice: Sufi retreat attendance count,spiritual,,0,not_inferable_from_conversation_text,false
Sustainable-transport usage,lifestyle,,0,not_inferable_from_conversation_text,false
Synthesis of information,cognitive,,0,not_inferable_from_conversation_text,false
Talkativeness,other,,0,not_inferable_from_conversation_text,false
Tendency Toward Compromise or Confrontation,other,,0,not_inferable_from_conversation_text,false
Time Orientation End Points,other,,0,not_inferable_from_conversation_text,false
Time outdoors/day (h),lifestyle,,0,not_inferable_from_conversation_text,false
Training-cycle length,other,,0,not_inferable_from_conversation_text,false
Travel-companions diversity,lifestyle,,0,not_inferable_from_conversation_text,false
Troubleshooting technical issues,cognitive,,0,not_inferable_from_conversation_text,false
Type of Support Preferred (Emotional vs. Practical),social,,0,not_inferable_from_conversation_text,false
Types of Mindfulness Techniques Used,spiritual,,0,not_inferable_from_conversation_text,false
Unassertiveness,personality,,0,not_inferable_from_conversation_text,false
Understanding Mathematical Concepts,other,,0,not_inferable_from_conversation_text,false
Understanding mechanical concepts,other,,0,not_inferable_from_conversation_text,false
Use of Mathematical Formulas,other,,0,not_inferable_from_conversation_text,false
Use of Nature as a Stress Reliever,other,,0,not_inferable_from_conversation_text,false
Vision-check frequency,other,,0,not_inferable_from_conversation_text,false
Vivacity,personality,,0,not_inferable_from_conversation_text,false
Volunteer Work,other,,0,not_inferable_from_conversation_text,false
Wake-time consistency,lifestyle,,0,not_inferable_from_conversation_text,false
Warmheartedness,emotion,,0,not_inferable_from_conversation_text,false
Well-being component: Engagement,other,,0,not_inferable_from_conversation_text,false
Withdrawnness,other,,0,not_inferable_from_conversation_text,false
Work Styles,other,,0,not_inferable_from_conversation_text,false